{"issue_id": {"0": 0, "1": 1, "2": 2, "3": 3}, "label_id": {"0": [[2, 0.4383057254323611]], "1": null, "2": null, "3": [[2, 0.4383057254323611]]}, "label_tag": {}}